Address,Quadrant,Profit_Factor,Average_Leverage,Total_PnL,Win_Rate,Liq_Loss_Ratio,Total_Account_Value,Avg_Duration_Min,Orders_30d,Orders_Per_Day,Duration_Ratio,Liq_Loss_Ratio_Detail,Top_Coins_Vol_Ratio,Liquidations_60d,Avg_PV
0x3c2327312d4cc84414473414d603915d83f52faf,Q4: 高危噪音区,0.3445,33.62,-107157.31,24.88%,0.4104,6085.55,3013.45,548,18.27,0.6105,0.4104,0.9803,18,102860.43
0xab1ee11e8192ff2e62ea6f10d0cc337d2c5fd615,Q4: 高危噪音区,0.4936,40.0,-447511.96,28.76%,1.0018,105.15,776.82,481,16.03,0.5362,1.0018,0.9983,45,569911.67
0xe52f8f63f002853d687fbc01c0f810a1e4efef2f,Q4: 高危噪音区,0.3751,16.04,-21141.69,22.78%,0.2638,225.33,284.69,398,13.27,0.7624,0.2638,0.9778,5,41578.19
0x91b8fe97424c29806a490f18f0356fd08fb584a9,Q4: 高危噪音区,0.3568,17.14,-34429.9,26.85%,0.0685,3368.59,313.48,315,10.5,0.6336,0.0685,0.9664,3,85271.97
0x5fe43dbeea7012eb9de09c42a60e920876165c08,Q4: 高危噪音区,0.3003,14.49,-82291.79,20.69%,0.4305,2630.45,1161.95,286,9.53,0.3588,0.4305,0.8,4,152274.87
0xa5f00649bd246ef8d3775abf567b82d66557fa58,Q4: 高危噪音区,0.3755,20.67,-2657298.2,21.15%,0.1644,0.04,1224.03,157,5.23,0.5999,0.1644,0.9481,10,6026536.78
0xb699418d964a65564704c00c2d0b2440fcf61daf,Q4: 高危噪音区,0.4142,26.79,-13935.41,15.49%,1.3752,1044.03,4043.56,144,4.8,0.1297,1.3752,1.0,32,15111.56
0x6f829c5fad24e306be21d80137b6c2a23fcdc53d,Q4: 高危噪音区,0.3042,13.18,-11487.11,22.37%,0.5476,34.02,961.92,125,4.17,0.5191,0.5476,0.9927,15,18736.5
0x58f544fbd7854fb259996b70108d4298c81d06cd,Q4: 高危噪音区,0.4996,28.67,-108000.9,20.00%,1.1256,7.33,992.79,102,3.4,1.7249,1.1256,0.9807,21,1008405.94
0xf016f758f5f7de2a16f2cee0ecb736ad5490d670,Q4: 高危噪音区,0.3912,19.28,-28881.3,24.00%,1.6321,12262.64,6432.74,100,3.33,7.7426,1.6321,0.9825,20,57110.87
0xc85b34f61c31e0df4ecf3dfb17d28bf764932a63,Q4: 高危噪音区,0.3137,25.13,-2517045.27,26.35%,0.8035,10146.82,3908.09,100,3.33,0.6602,0.8035,0.9544,17,1594101.88
0xa3fd5d21b41c992ccb3f51aa90a190e6161b96a5,Q4: 高危噪音区,0.3105,18.16,-31182.13,28.95%,0.5825,0.0,93.55,95,3.17,0.3891,0.5825,0.9503,7,103916.28
0x04239397cd010ced20b211ed87cfbb4722a8c32e,Q4: 高危噪音区,0.4773,19.36,-10948.27,24.24%,0.6552,22.48,3879.82,86,2.87,0.1184,0.6552,0.9095,11,30587.32
0xc000bd9187a9b1d40ada57b551c810a2c9862268,Q4: 高危噪音区,0.4233,27.4,-12187.03,28.66%,0.8355,3.11,1834.15,86,2.87,1.0752,0.8355,1.0,12,13577.53
0x8eea5b0fbfc571521c17c151e2de3bce0170d9f8,Q4: 高危噪音区,0.3532,16.36,-12516.31,26.32%,0.4902,598.81,872.94,84,2.8,1.006,0.4902,0.9846,1,42465.18
0x404a0428ebe37813b37a8a908e3d5a350d8b5158,Q4: 高危噪音区,0.3663,32.97,-246185.49,29.47%,0.5567,542.2,1114.25,81,2.7,0.3833,0.5567,0.9704,20,514939.78
0xb35ed2f65fcdf4fc1f3e4b69028d964ed3ec554b,Q4: 高危噪音区,0.3627,18.94,-10601.52,29.03%,0.1404,37.99,859.74,77,2.57,0.9239,0.1404,0.9962,9,25143.58
0xa73f409a3d10860a5191a729bb81ff3bd768c86c,Q4: 高危噪音区,0.4598,32.03,-40084.88,28.45%,2.2608,163.88,4481.62,75,2.5,1.2282,2.2608,0.958,8,19322.14
0x66e1cbb8943c62927aa627f55a4f76317c94efde,Q4: 高危噪音区,0.367,34.71,-133116.54,22.80%,0.1492,124.44,944.74,73,2.43,0.2878,0.1492,0.9916,2,132066.46
0x904a5d05d72a0575c6a60f7de7566abc2ac331e2,Q4: 高危噪音区,0.3767,20.0,-41621.96,18.52%,0.6897,0.0,425.84,51,1.7,0.2949,0.6897,1.0,13,207002.81
0xc3a88b3ca48bcc1f9abd10f117426ce950867e38,Q4: 高危噪音区,0.3334,26.88,-24107.15,25.00%,0.6248,943.44,4462.31,49,1.63,1.3924,0.6248,0.9136,11,14606.88
0x5453f32dd8583039bf92c37f197eddbe42e8637d,Q4: 高危噪音区,0.4288,28.47,-30291.64,20.37%,2.8746,4102.96,3027.4,48,1.6,0.84,2.8746,0.988,11,113671.22
0xa663473951a57fe34c0a8f4e3d869a29593cf5bc,Q4: 高危噪音区,0.4753,10.49,-12823.5,29.44%,0.0,5452.14,558.71,47,1.57,1.4396,0.0,0.9528,0,10566.17
0x6ff846de24fbf3335cdd584d689d2024f0d9a61b,Q4: 高危噪音区,0.3675,18.94,-13532.13,25.71%,1.0212,63.51,4008.95,34,1.13,0.4222,1.0212,0.9857,10,24621.67
0xe86fbeff6ac721b171d8a6b92d97123767ce1112,Q4: 高危噪音区,0.3869,28.75,-95819.63,25.00%,0.8168,0.0,200.92,32,1.07,3.294,0.8168,1.0,11,781268.79
0xc4d7c0da685638c9abfdd70172b030dcacc34371,Q4: 高危噪音区,0.4003,15.18,-15313.03,25.00%,0.0616,108.06,12721.52,27,0.9,0.295,0.0616,0.8096,1,41231.19
0x559127351c37a062376742a2c52325d379849335,Q4: 高危噪音区,0.3425,21.14,-10978.77,16.67%,0.8335,711.38,140.91,26,0.87,0.2099,0.8335,0.8,3,138412.84
0xe0ffd24743eb4f39cedd2733c7ad7d0bed454cd0,Q4: 高危噪音区,0.4736,13.11,-14909.34,24.64%,0.7938,1398.53,8649.85,26,0.87,0.6813,0.7938,0.9253,7,12525.46
0xcd7404a89ff34cff79966c638e9bc11384c286b2,Q4: 高危噪音区,0.3552,20.0,-36816.7,27.54%,0.0068,5879.34,2459.17,25,0.83,1.1264,0.0068,0.8,1,34717.14
0x2199d9255793f70af3dcb3588b5151af0acb997f,Q4: 高危噪音区,0.4158,27.69,-19358.22,28.79%,0.8868,103.21,2406.74,24,0.8,3.5335,0.8868,0.9744,7,28708.95
0xa0e0c979703217c122d462f62743652d1369439c,Q4: 高危噪音区,0.4445,19.38,-38010.76,27.66%,0.5536,99.0,588.66,22,0.73,0.3691,0.5536,0.8,3,134232.66
0xeca6bd0aa6758d7a8243145385f98653100f0430,Q4: 高危噪音区,0.4966,15.83,-19197.48,29.73%,1.3189,0.13,1825.35,22,0.73,0.5915,1.3189,0.9372,17,33232.8
0xc9cb7512b852455fda105b8725d64ca1ad6d6e94,Q4: 高危噪音区,0.3262,17.0,-22534.12,23.53%,0.5069,521.73,2683.46,21,0.7,0.6195,0.5069,1.0,2,33201.88
0x84fb4d0598650bd9ee13a8cab555baa71dedeb4c,Q4: 高危噪音区,0.4835,39.26,-16698.98,15.46%,0.4114,12.12,2339.45,17,0.57,0.2185,0.4114,0.9994,7,60547.17
0x21351ef1fbbfddd971ace8a3b7eb67f5cc186c73,Q4: 高危噪音区,0.4485,40.0,-202805.76,27.47%,0.0196,1953.14,99.17,16,0.53,0.3571,0.0196,0.9725,4,1239051.69
0xcdc0edf51787353305e49d05ade38fc51060a0c6,Q4: 高危噪音区,0.4373,24.38,-30921.83,19.43%,0.5905,0.06,1909.29,16,0.53,0.6864,0.5905,0.9966,5,47406.53
0x400d7004932cbbf9cecdf4adc879f41d6d21446d,Q4: 高危噪音区,0.4069,15.0,-13567.26,29.38%,0.0418,726.73,3024.07,14,0.47,1.2466,0.0418,0.9117,6,15878.12
0x5dd6780b815aa7b393fdb18ccaf0054941d6c767,Q4: 高危噪音区,0.3098,16.72,-18541.07,14.29%,0.0795,6113.97,1672.37,12,0.4,3.4308,0.0795,0.9882,0,137742.03
0xc702c52d079d35799c4f3b8d84e3f165da522731,Q4: 高危噪音区,0.4905,24.0,-16807.37,16.67%,0.0931,3635.64,26002.4,10,0.33,0.2502,0.0931,1.0,2,34040.36
0xcfbe42ea612106661f495f3935dec6000cadbc8c,Q4: 高危噪音区,0.314,15.0,-56726.88,16.67%,1.1015,8511.05,366.22,10,0.33,0.1142,1.1015,1.0,0,97653.56
0x7a1a977805bf728d24acbef200fb1e68a6022f9d,Q4: 高危噪音区,0.3914,11.5,-23748.09,26.19%,0.3464,338.21,4986.51,8,0.27,0.421,0.3464,1.0,1,15910.93
0x7e916054586171bb9c8f3b728a9d02cda4ccfb9d,Q4: 高危噪音区,0.4198,16.0,-12920.82,15.38%,0.7688,455.72,17056.17,7,0.23,0.2196,0.7688,0.8,3,18396.18
0x395ddaf15c23eb3928201c07c304c5089d97c0b8,Q4: 高危噪音区,0.4132,40.0,-23284.23,25.00%,1.0,11081.31,25391.92,3,0.03,2.1588,1.0,1.0,1,42961.52
0x21ed8665dabe127dba334147de0a73c2978f6995,Q2: 爆破敢死队,0.1709,17.71,-21162.46,20.00%,1.0061,1621.84,1262.41,313,10.43,0.2884,1.0061,0.9474,61,82774.96
0xb4c4ea613bbcb6ff85862a42c082f65dc572a58b,Q2: 爆破敢死队,0.0005,14.5,-55124.49,9.52%,0.9756,856.22,23306.15,291,9.7,127.5695,0.9756,0.9016,4,22757.52
0xf8f745624f4694023b5ba1b420d6d32b34b8c4d8,Q2: 爆破敢死队,0.2047,16.14,-23282.79,25.16%,0.2961,802.69,805.61,271,9.03,1.4072,0.2961,0.8,3,24213.18
0xa33202e558c0a3b637b9f50bad621bf5097a61fa,Q2: 爆破敢死队,0.0,40.0,-81052.6,0.00%,0.0337,16141.09,36941.48,262,8.73,0.0,0.0337,0.9995,2,130428.92
0x23f63dc180250cb115882fb2041024382a62c358,Q2: 爆破敢死队,0.1667,12.09,-63358.57,26.01%,0.1875,666.58,1107.82,210,7.0,1.4063,0.1875,0.8,1,20080.81
0xab9c72de2d7af436ef78e3093191e7740ea99809,Q2: 爆破敢死队,0.0,31.9,-63244.25,0.00%,0.8746,0.28,1227.42,190,6.33,0.0,0.8746,0.9919,52,261954.23
0x2896225a02ed205501592335e9c0e0a6239cae4d,Q2: 爆破敢死队,0.1129,14.69,-191930.93,13.64%,0.6255,17174.33,698.29,177,5.9,0.2532,0.6255,0.8,15,363142.4
0x6dec3748f5d2d538836bedbb8d63191255cd37f6,Q2: 爆破敢死队,0.1814,15.52,-79222.14,25.00%,0.215,0.01,248.63,175,5.83,0.7418,0.215,1.0,5,416387.16
0x349d4dee40c79209699da6a20fc4bf68600bd8f1,Q2: 爆破敢死队,0.1769,18.28,-30402.86,17.91%,0.746,4260.11,13272.0,174,5.8,1.5269,0.746,0.9097,32,13806.05
0xa03824fc002c6d85fae24b9fe55eb72aa33e2849,Q2: 爆破敢死队,0.022,25.12,-43510.94,25.00%,0.4281,2700.07,2770.28,161,5.37,5.8349,0.4281,0.9477,6,14351.08
0x18cb0112bacb813aafaf0fa09860c2d91b8d9098,Q2: 爆破敢死队,0.1849,18.64,-27083.51,29.76%,0.3729,0.02,967.48,151,5.03,3.3382,0.3729,0.8687,4,15180.89
0x06a49f074dad3bd4a979712e5962763a26091d9b,Q2: 爆破敢死队,0.1752,18.96,-10920.8,12.24%,0.0479,10.89,303.57,146,4.87,0.4667,0.0479,0.981,6,65242.25
0x37c32a299c91511f239efeaa4224fdff3ef9bd9c,Q2: 爆破敢死队,0.2513,35.59,-14902.96,29.24%,0.9742,170.56,1722.22,127,4.23,0.7994,0.9742,0.9896,10,14460.07
0x0999a9611500b5431185e312c799c53de74dc74b,Q2: 爆破敢死队,0.0188,18.57,-103208.33,25.00%,0.2223,2260.97,19062.75,118,3.93,72.2321,0.2223,0.9996,3,198289.58
0xc864406cacb0fda090c714a80cc5d9558f3c0338,Q2: 爆破敢死队,0.0848,15.33,-233594.03,20.00%,0.87,0.0,4799.0,117,3.9,2.1188,0.87,0.836,9,499485.27
0x3439e321f0411786aaf5e38981961923f5801143,Q2: 爆破敢死队,0.1958,13.77,-20508.02,29.27%,0.957,5270.3,461.4,114,3.8,0.0722,0.957,0.8,6,29004.82
0x1bd2d89e4b9a2d373e89d74c8cc02d1562fa9626,Q2: 爆破敢死队,0.1312,22.08,-35717.02,17.86%,0.4762,2427.03,421.86,109,3.63,0.2755,0.4762,0.8,10,107008.37
0xaabef34fce1da43c29fe5ceca590899c97869f22,Q2: 爆破敢死队,0.2479,23.7,-34527.07,18.75%,0.1977,9.52,257.32,102,3.4,1.4534,0.1977,0.9968,2,142204.57
0xc220405e3d08a805c9b8589ab21a3854b4725e08,Q2: 爆破敢死队,0.1508,17.19,-16591.03,26.92%,1.043,0.6,6833.5,100,3.33,1.859,1.043,1.0,6,14492.51
0xa6164a34867799e3c6a6aee5bb2df11976158717,Q2: 爆破敢死队,0.2302,24.8,-16282.07,21.69%,0.6782,0.03,1534.37,100,3.33,0.5778,0.6782,0.8093,25,13396.72
0xf251555f98fe20b4c56a77f2879c23ef9f31e4ee,Q2: 爆破敢死队,0.254,10.66,-10598.34,26.67%,0.0007,0.61,835.46,98,3.27,0.5675,0.0007,0.9168,0,17745.34
0x2fef14331e3750eba50365e222ea69a8783bf4b4,Q2: 爆破敢死队,0.1073,21.07,-100816.86,21.43%,0.3248,0.0,2268.96,94,3.13,0.8366,0.3248,0.941,8,94621.57
0x95d3a69b77596126e0936f2bc9b99fa21e348bde,Q2: 爆破敢死队,0.0,17.47,-58929.12,0.00%,1.0,0.0,2351.85,92,3.07,0.0,1.0,0.9338,12,488806.56
0x17102d2c57a91350b22b77cd26e41f1f15c65435,Q2: 爆破敢死队,0.1531,11.24,-27028.53,17.14%,0.828,658.21,3035.97,92,3.07,0.2737,0.828,0.8,14,25983.9
0x0bd7dc082962f688b6182d940ded65e50e9da669,Q2: 爆破敢死队,0.2682,22.08,-63633.01,25.58%,0.57,0.0,239.74,87,2.9,1.286,0.57,0.9947,4,195832.9
0x7b25c045835f0f6f7180b9d51b428f2dc13cf77e,Q2: 爆破敢死队,0.2035,31.0,-40951.01,27.78%,1.0565,11.79,309.07,85,2.83,6.1509,1.0565,1.0,21,218191.44
0x1053549fd1f560a2a610647da5f73dec479d2ad5,Q2: 爆破敢死队,0.0712,33.33,-38093.41,11.11%,1.1056,378.47,638.25,81,2.7,0.4974,1.1056,0.99,29,204611.91
0xba0d0b50595bd2a1cb4364765fd95feef7b681ef,Q2: 爆破敢死队,0.0,40.0,-33945.24,0.00%,0.9471,910.52,1523.92,76,2.53,0.0,0.9471,1.0,20,400924.16
0x5098f49e95717f8b9c6c6f5152b253557b031cdc,Q2: 爆破敢死队,0.1286,17.73,-17695.58,26.67%,0.6985,185.28,660.47,75,2.5,1.0362,0.6985,0.8,8,40522.71
0x2a27657889345e4c7988eb779b4566ce788bf5f0,Q2: 爆破敢死队,0.2289,12.92,-127498.13,16.67%,1.2678,0.95,13740.22,71,2.37,1.3517,1.2678,0.8,21,108683.21
0x61457e63579c14d48dcde6fe6e519d0286c6fbeb,Q2: 爆破敢死队,0.0471,19.66,-43458.03,10.34%,0.8815,136.69,349.98,71,2.37,0.1859,0.8815,0.9809,14,72953.35
0x6056fb11327adc046ced4459fb0a4489a5f6b3fd,Q2: 爆破敢死队,0.2713,25.49,-294187.38,27.94%,0.0208,0.02,6704.38,69,2.3,1.2401,0.0208,0.8,4,195774.44
0x59e7e893427fd16fc0f88e258fa92b4dd89c8095,Q2: 爆破敢死队,0.0275,40.0,-14110.14,5.77%,0.2791,87.94,2571.73,64,2.13,5.8899,0.2791,0.9991,14,26159.57
0x38bdfed8b37b236e8446f9c05b6580439235b9f0,Q2: 爆破敢死队,0.284,30.18,-291151.82,28.89%,0.5624,4228.65,102.53,60,2.0,0.7546,0.5624,1.0,14,1269316.58
0x8ed877d734ce89961ee12dd33d0b344b3c539a73,Q2: 爆破敢死队,0.071,19.16,-32306.32,26.32%,0.9588,0.0,364.94,58,1.93,0.8956,0.9588,0.8098,15,135052.97
0xefb25dfe920362e7ba6e492c29be2a9e4fe586e7,Q2: 爆破敢死队,0.2087,32.79,-192446.33,23.53%,0.3761,14.27,5530.5,58,1.93,0.8692,0.3761,0.9909,3,194923.9
0xfa1f6c8611d9b662b4bc53fc0cb6b769be28fa2c,Q2: 爆破敢死队,0.0619,10.68,-11051.17,20.00%,1.0624,1187.95,5204.56,58,1.93,1.7892,1.0624,1.0,5,26032.05
0x4ddc284681c4291b6db64a6fdb5b2d10d40d1bf4,Q2: 爆破敢死队,0.0474,20.8,-92438.47,10.53%,0.1044,15529.5,2439.07,56,1.87,26.5081,0.1044,0.999,2,211086.53
0x1c24babdcd20acdc45baf4f64894388533299066,Q2: 爆破敢死队,0.0,16.25,-2331681.83,0.00%,0.0294,0.16,3409.94,56,1.87,0.0,0.0294,0.9784,1,10923138.99
0xae0bb9c27119e1083461082a6045dd52f469ce52,Q2: 爆破敢死队,0.0426,16.44,-13061.57,20.00%,0.8979,5585.92,1244.34,52,1.73,76.0577,0.8979,0.9745,9,17258.82
0x4427b69a5120fe93565f37e201f97497f2c0b251,Q2: 爆破敢死队,0.0327,29.67,-40977.47,18.75%,0.0371,143.63,1729.08,51,1.7,2.0863,0.0371,0.9714,2,103802.52
0x31e19636159515a42dcbb9c48ffa30b256f10811,Q2: 爆破敢死队,0.1441,19.71,-11790.82,25.71%,0.2791,3.06,1965.57,49,1.63,0.8477,0.2791,0.8947,7,38540.72
0x592155f299bc4d1c25f97e6e9e58d747e57f8a40,Q2: 爆破敢死队,0.0686,40.0,-31243.16,8.14%,0.748,3.58,2381.86,49,1.63,0.0804,0.748,0.9915,20,27844.03
0x0b18b2a793d0c57bd37a1f3a040d817716b0a2d9,Q2: 爆破敢死队,0.0192,14.85,-21363.69,11.54%,0.1895,4382.04,6780.46,48,1.6,6.042,0.1895,0.8,6,27156.48
0x5ca0252bf42c4cea44e4bebc9dd4dcf1edb41d92,Q2: 爆破敢死队,0.0,11.52,-35526.36,0.00%,0.9997,1142.98,14313.85,46,1.53,0.0,0.9997,0.9246,4,129334.62
0xc007f954b5ab645fc7cf81c083fd0e2d3cecf59a,Q2: 爆破敢死队,0.2424,21.96,-122468.54,21.09%,0.1048,76.4,3599.44,45,1.5,0.8501,0.1048,0.9925,7,36544.58
0x99fdd967d1d758c01e7957c76ad2fa004e8e17c2,Q2: 爆破敢死队,0.1068,19.6,-15892.73,25.00%,0.5416,5957.61,7811.21,45,1.5,1.68,0.5416,0.8637,8,33457.58
0xa74c95115cf38e0b684db5589bd13ad76ac846ed,Q2: 爆破敢死队,0.2676,11.93,-22620.98,21.74%,0.2871,10823.11,8500.44,44,1.47,0.2118,0.2871,0.8,2,67509.66
0x532cc1bbb80ca0d3e9b63619ba789df1b0b23cc1,Q2: 爆破敢死队,0.0217,19.5,-115566.97,12.50%,1.6751,13968.59,27680.22,44,1.47,0.161,1.6751,0.9347,15,51856.43
0xf7a45f68f159885b3bf31fc800298c614dedc532,Q2: 爆破敢死队,0.006,20.67,-11402.59,10.00%,1.0129,1.79,545.73,43,1.43,1.095,1.0129,0.997,15,13841.64
0xa2b8954f16ff74f356c0e6c0efa2a9bc26486241,Q2: 爆破敢死队,0.0539,12.4,-10965.44,13.33%,0.678,698.07,3175.69,41,1.37,0.4435,0.678,0.814,6,18102.88
0x2de0643f5bccb10ccc9d19d156deaa97d9b02575,Q2: 爆破敢死队,0.2128,26.14,-39355.83,18.18%,0.1529,7.17,4496.32,38,1.27,0.152,0.1529,0.9967,8,154020.97
0x121acb29e168cc9e97dbd7b280ee8baf2cb34c6e,Q2: 爆破敢死队,0.0441,16.67,-893799.96,7.69%,0.3775,18963.87,44377.64,38,1.27,11.7657,0.3775,0.958,37,429387.34
0x0b408caf6a4dce2ac0be3b0f0163bef72967eae9,Q2: 爆破敢死队,0.0024,28.33,-53528.78,5.88%,0.364,17.59,18961.43,38,1.27,1.8419,0.364,0.896,12,21545.77
0xd7f6b9f3af132dfceb4914f62b62b16083f19b3b,Q2: 爆破敢死队,0.2085,40.0,-13583.42,24.49%,0.1368,1408.36,2329.49,37,1.23,0.4483,0.1368,0.9956,2,26692.47
0x284fd22a39e6b3ed0447b91a4588b543c08cbec6,Q2: 爆破敢死队,0.0,20.0,-20335.01,0.00%,0.8248,18216.85,203.37,37,1.23,0.0,0.8248,1.0,2,48069.41
0x0e41e2d4b27ddd2948004f60e907853b7e677ad2,Q2: 爆破敢死队,0.0396,23.06,-19418.5,16.67%,0.3238,0.0,522.78,37,1.23,1.0218,0.3238,0.8623,5,102549.88
0xab1429a91910ac05afc5902e69569b21a515b03a,Q2: 爆破敢死队,0.1114,21.25,-16341.47,22.22%,0.502,152.61,5702.53,36,1.2,3.3486,0.502,0.9715,4,24869.37
0x60d1a4634176e16741d1f5f2233f9b0aba3ab117,Q2: 爆破敢死队,0.0,23.2,-85382.64,0.00%,0.6765,1561.96,2042.92,35,1.17,0.0,0.6765,0.9819,17,600812.57
0x96bb30b12d5e5017b38f00799c869564077601a5,Q2: 爆破敢死队,0.0079,12.96,-93698.54,20.00%,1.0042,0.01,1944.06,34,1.13,1.389,1.0042,0.9637,9,145126.45
0x0dbecf079011df54c7d461fcaaf3b89045992c63,Q2: 爆破敢死队,0.1262,30.57,-10412.73,25.93%,1.005,0.0,921.95,34,1.13,2.2036,1.005,0.9812,7,13382.11
0xffa8ecbcd36dd2f3ac54931e1561cdfc6c152536,Q2: 爆破敢死队,0.0,40.0,-13320.58,0.00%,1.0,84.32,1372.89,33,1.1,0.0,1.0,1.0,3,63161.56
0x737db2a9e79ff2d6380b4e45c7b2a3af9312ea0a,Q2: 爆破敢死队,0.2907,33.23,-77610.47,15.52%,1.0283,46.32,10706.04,33,1.1,0.3888,1.0283,0.9262,13,64545.55
0x02d10f41f3a88614c63f718272c60da7bf37a53e,Q2: 爆破敢死队,0.2915,16.69,-15903.42,28.57%,0.3569,0.01,602.52,32,1.07,0.5801,0.3569,0.946,2,29990.1
0x2d47519357eaccd8cec62d55747697eab3e8c25a,Q2: 爆破敢死队,0.1235,13.12,-18541.03,25.00%,0.2956,8872.09,2033.22,31,1.03,1.2226,0.2956,0.9686,3,81601.65
0x88dd694eb900a670734892ca2e89f20defe2ac8c,Q2: 爆破敢死队,0.0618,13.62,-55859.47,25.76%,0.5789,1536.64,1680.69,30,1.0,1.6322,0.5789,1.0,3,15384.7
0x96ccc32214260052e6fd971c4d34dda9f85c6888,Q2: 爆破敢死队,0.0,25.0,-248662.41,0.00%,0.533,0.0,8363.28,30,1.0,0.0,0.533,1.0,17,2716123.02
0x6be0238d1c7e2fc5983401904191dcabee80b61e,Q2: 爆破敢死队,0.1579,26.4,-26155.74,12.50%,1.2016,2171.38,4024.47,30,1.0,1.3,1.2016,0.9953,10,83283.84
0xcbf9e45b8eed05b3ea10d4e220633347bd460123,Q2: 爆破敢死队,0.0,40.0,-25889.1,0.00%,1.0,387.38,763.66,29,0.97,0.0,1.0,1.0,8,244597.3
0xd96a4f677a76d8a35724694cd4b7b2fc7bc3be82,Q2: 爆破敢死队,0.1684,22.81,-15841.92,18.75%,1.1772,800.86,2990.46,29,0.97,0.6648,1.1772,0.8541,11,38721.74
0x202ead80255ea60012ecae2e95cbbba48978cc32,Q2: 爆破敢死队,0.2565,14.47,-25967.62,24.39%,0.0105,1535.51,14022.36,28,0.93,1.0977,0.0105,0.9787,1,21958.0
0xc50fdc5f1c6d9f5014f57b44f87f8a3fa3d94eaa,Q2: 爆破敢死队,0.0906,28.62,-11057.84,20.00%,0.0702,2654.36,665.28,28,0.93,0.1152,0.0702,0.9705,1,208437.32
0x5d01759ecc55da5f4064f120c3e6acac1846c308,Q2: 爆破敢死队,0.068,21.46,-48023.61,14.29%,0.8367,1.23,1014.04,26,0.87,0.1984,0.8367,0.9812,7,375720.49
0x95448f3409d8ad3eede77f0d24c212b85d43005d,Q2: 爆破敢死队,0.0325,19.97,-15317.25,26.09%,0.0699,0.29,1195.71,26,0.87,0.2647,0.0699,0.9728,1,66543.74
0x579610632824a0adf5cb319362fbc41f6171bad8,Q2: 爆破敢死队,0.2687,31.5,-14365.26,26.67%,1.236,10.49,1276.48,26,0.87,4.2284,1.236,1.0,9,27968.46
0xaf796adca5e5883808246259d58701fc6616a473,Q2: 爆破敢死队,0.0,20.0,-15610.93,0.00%,1.6896,0.0,1982.24,26,0.87,0.0,1.6896,1.0,4,86381.96
0xfcd95c3765d74b011afa309ac79cf1f970e9c375,Q2: 爆破敢死队,0.1297,17.27,-33451.29,29.03%,0.3287,15834.21,2745.0,26,0.87,1.6823,0.3287,0.9127,2,53189.4
0x9d39268c2595774114ba75a06b3bfa56ba3159e2,Q2: 爆破敢死队,0.2083,28.0,-63249.05,25.00%,0.715,11853.66,17634.16,25,0.83,0.9405,0.715,0.9331,2,34298.89
0xac976a474afca5b42e738795e96697f9bd058708,Q2: 爆破敢死队,0.1105,14.48,-28969.66,28.57%,0.9295,10312.82,719.59,25,0.83,0.5528,0.9295,0.9461,5,203009.92
0x5bda819d429d817e38dc3bf7d4d1ae4e1694ea67,Q2: 爆破敢死队,0.1943,20.0,-10307.5,20.00%,1.1461,0.01,2805.11,25,0.83,2.2369,1.1461,1.0,16,23053.81
0xd289f9590f3da4293ac821e16cee595e7b675be3,Q2: 爆破敢死队,0.0046,16.25,-171069.14,14.29%,0.1979,34.79,18693.22,25,0.83,149.3438,0.1979,0.9417,2,168723.89
0x82336b9cd58ec7964fd682b217334dbb59ba0bd5,Q2: 爆破敢死队,0.1978,15.5,-107732.26,16.67%,0.5242,188.83,9620.95,24,0.8,0.2078,0.5242,0.8,9,76063.21
0x8534802f842da37371a25021b64eb14e39779df8,Q2: 爆破敢死队,0.0147,31.0,-80068.59,27.27%,0.4487,0.01,931.11,24,0.8,0.5031,0.4487,0.9907,5,322373.06
0x14358b57119f9ce526f6d3edbc72e376970af2f8,Q2: 爆破敢死队,0.237,12.74,-78690.33,17.95%,0.6722,10.0,7674.03,24,0.8,0.4323,0.6722,0.8,7,82591.63
0x7d2e1ba3cb14a19a7591855f6e317a200558671b,Q2: 爆破敢死队,0.0433,20.0,-33290.48,28.57%,1.0197,0.0,218.23,24,0.8,5.4788,1.0197,1.0,7,154425.07
0x848ad05cc8061637c632ef4730d00f6dbbfa5a7a,Q2: 爆破敢死队,0.2655,24.47,-475825.24,28.57%,0.2396,1608.97,31604.2,23,0.77,1.1556,0.2396,0.9783,1,349364.56
0x2322f8e13d25e1c997b060bc5cebc9634f8a895a,Q2: 爆破敢死队,0.0003,11.53,-11596.95,11.11%,0.919,672.32,13531.72,23,0.77,2.796,0.919,1.0,6,36301.92
0xedf7809482887803f902724d98ebd764f3f3baca,Q2: 爆破敢死队,0.0566,13.78,-10064.6,22.22%,0.6859,4003.71,4582.19,22,0.73,6.2049,0.6859,0.9863,5,40211.13
0xfb2d242dfd6b60fe68b61d2342d33f259266d3da,Q2: 爆破敢死队,0.1942,11.16,-86336.11,22.92%,0.0186,1170.89,13310.9,21,0.7,0.5075,0.0186,0.8263,1,105941.92
0x86cda7e2f4d414bc52017f77886f79a626fe1442,Q2: 爆破敢死队,0.2395,33.33,-46105.36,29.27%,0.4964,12.05,13027.95,20,0.67,2.6503,0.4964,1.0,3,18773.59
0x41f088706de76d732c00903378004b40e3ac38ed,Q2: 爆破敢死队,0.0,13.33,-58805.14,0.00%,0.5083,0.41,364.33,19,0.63,0.0,0.5083,0.9657,2,708521.11
0xe6ced1ff8d8e30175d7a2cd00b0301b48b89e806,Q2: 爆破敢死队,0.0271,27.86,-11966.5,24.00%,0.2051,10139.72,12531.46,19,0.63,49.7758,0.2051,0.9678,0,15335.47
0xfff1e9c59adbd8c523acefce7fa88fc415df6c30,Q2: 爆破敢死队,0.0158,14.0,-31071.62,20.00%,0.9594,3539.64,1410.41,19,0.63,2.1285,0.9594,0.9997,4,111615.0
0x8ccdebed80986ed757df4018b619f1db1cbdb11a,Q2: 爆破敢死队,0.1763,21.64,-15901.0,21.11%,0.3813,0.27,2651.94,18,0.6,0.4195,0.3813,0.8822,26,12310.58
0x47e08f0b0c2d92efc850bc4628bba198400b5dc7,Q2: 爆破敢死队,0.0,14.29,-30063.82,0.00%,0.9897,996.81,3367.47,18,0.6,0.0,0.9897,0.9999,7,49481.39
0x261396996b7b412666cb18b673fa14c14fa73f35,Q2: 爆破敢死队,0.2941,18.33,-25420.4,27.78%,0.377,1273.98,14437.63,18,0.6,0.383,0.377,0.9943,1,14465.55
0xb005fd6eb51bb3bdf756ba55e2fa2bf3fecabc24,Q2: 爆破敢死队,0.1193,22.01,-10526.59,28.57%,0.798,0.01,9521.94,18,0.6,1.1244,0.798,0.9752,7,85817.75
0x0c61b057acc778517e3e49d2a052c6207397ce5b,Q2: 爆破敢死队,0.0439,34.9,-231770.48,7.69%,0.7646,401.71,4714.95,18,0.6,0.5189,0.7646,1.0,45,1300649.39
0x3df1c07a03b70a767bf792b30ed06442e53c8713,Q2: 爆破敢死队,0.0058,16.82,-12857.85,13.33%,0.9884,3.66,9122.29,18,0.6,3.5141,0.9884,0.9803,8,12271.21
0xb5f002fbb6f21ff773943c974b0d973e355806bb,Q2: 爆破敢死队,0.0,27.5,-55271.14,0.00%,1.0862,1684.85,148.61,17,0.57,0.0,1.0862,1.0,7,518514.2
0x5b23dab54350f1511fc7f11ea76d4f86c674f54c,Q2: 爆破敢死队,0.0157,15.28,-30970.47,8.33%,0.9607,5056.08,8587.71,17,0.57,0.7456,0.9607,1.0,1,26519.06
0x5fc75152d1ccf4ecd68d2ce080f824e0da69dd12,Q2: 爆破敢死队,0.0167,18.0,-67914.76,22.22%,0.9891,0.0,20823.13,17,0.57,0.7019,0.9891,0.9533,10,194265.68
0x0938c6336cb4175bea405d31ff5f2940e2eebe3a,Q2: 爆破敢死队,0.0542,26.54,-62149.99,16.13%,1.0649,294.82,8110.52,16,0.53,0.7195,1.0649,0.8976,10,40997.43
0xe98e38bb169d44e8b59327e742c166ac79ab50c0,Q2: 爆破敢死队,0.0824,27.94,-14573.63,21.21%,0.3235,0.67,946.15,16,0.53,0.3324,0.3235,0.9915,8,28772.9
0xd090bee53f18f6297621bcda6f849d5a3a649664,Q2: 爆破敢死队,0.1406,17.5,-10519.86,16.67%,1.1963,604.14,946.67,16,0.53,1.3863,1.1963,1.0,1,30885.95
0x5628302953bd84f8e9ac04c6b921e30f90e53bc4,Q2: 爆破敢死队,0.0,20.0,-219842.92,0.00%,0.4295,0.0,6174.67,16,0.53,0.0,0.4295,1.0,4,665745.0
0xd806f81037744a73f0f7e3935d6411b303a1769f,Q2: 爆破敢死队,0.0059,13.0,-15270.61,12.50%,0.994,13607.36,5213.88,16,0.53,2.2598,0.994,1.0,4,32839.29
0xecbc9ed1b458674056b25a9abadef3769cd5f7e1,Q2: 爆破敢死队,0.0887,40.0,-49967.56,13.33%,0.3689,288.27,12543.83,16,0.53,0.6986,0.3689,1.0,3,146358.61
0xf12153cfcf0f073f3810ae7439bb6e8ea7992e0f,Q2: 爆破敢死队,0.1406,35.0,-189316.89,25.00%,0.6064,6478.25,6703.31,16,0.53,99.4213,0.6064,1.0,9,3081084.73
0xf2a2ff1a0ea307ef20da0f1fa5b154f763a962cd,Q2: 爆破敢死队,0.1105,23.57,-12212.42,18.75%,1.5337,467.53,5886.08,16,0.53,0.0962,1.5337,0.9727,2,23226.86
0x5dd7bc712953e677cf61a1a94333c35c2606cd8a,Q2: 爆破敢死队,0.0,34.44,-20369.91,0.00%,1.0,14021.95,11030.79,15,0.5,0.0,1.0,1.0,4,135785.76
0x0d06487fa949ef1430da040dffc29cbf90021130,Q2: 爆破敢死队,0.2878,16.5,-11840.76,20.00%,1.2402,103.01,11502.43,15,0.5,1.0572,1.2402,0.9877,6,38928.35
0x7c79de327b9e71cd0b48aa3f52b85165c465edb6,Q2: 爆破敢死队,0.0,20.85,-39031.05,0.00%,0.8265,0.0,635.14,15,0.5,0.0,0.8265,1.0,10,297631.69
0x1ef17ce5ce0e4ea09bcfbeea435e585bb19e0e78,Q2: 爆破敢死队,0.0139,14.67,-17264.62,20.00%,0.3693,0.0,3345.88,14,0.47,2.5751,0.3693,0.9016,3,37555.23
0x2d1b3028927015b706e617db85025e96fab1f38b,Q2: 爆破敢死队,0.0044,12.0,-23751.11,11.76%,2.0997,15351.95,15316.47,14,0.47,1.0755,2.0997,0.9945,0,12562.83
0xced9e2e66119ed64e89be2399cc10e7515a6cb60,Q2: 爆破敢死队,0.0,40.0,-24000.13,0.00%,1.0,31.6,13600.27,14,0.47,0.0,1.0,1.0,7,47445.89
0xd2e4637fd0f7c1545802355f1a6be9a5ab782642,Q2: 爆破敢死队,0.2304,40.0,-262238.7,25.00%,1.0209,0.0,8273.06,14,0.47,1.8304,1.0209,0.9689,11,1875499.63
0xd915ce34475345082bd2991a5252b5c4f755496b,Q2: 爆破敢死队,0.0453,20.0,-24105.89,20.00%,0.4269,11325.18,62589.37,14,0.47,3.1578,0.4269,1.0,0,15611.92
0xed48bf4218684d7bb73ae3911f09ca793e52d0a1,Q2: 爆破敢死队,0.0,25.0,-26244.24,0.00%,1.0,3083.92,214.82,14,0.47,0.0,1.0,1.0,12,372746.54
0x0c0ed9bc814b9b5089cb70dd75de844718e78a4d,Q2: 爆破敢死队,0.2773,10.89,-45267.0,25.00%,1.1337,755.02,7231.08,14,0.47,1.8119,1.1337,0.8,3,385953.27
0x1d296bcce5bfb3116f4f714f33413b1e7c394f3f,Q2: 爆破敢死队,0.0,12.5,-47731.7,0.00%,1.0,13017.16,532.43,14,0.47,0.0,1.0,1.0,4,226283.79
0xae95dd32e9a7bb98e0017c4bc64fa35bef012cc5,Q2: 爆破敢死队,0.0,30.0,-26493.39,0.00%,0.6847,0.04,1387.52,13,0.43,0.0,0.6847,0.999,8,1070665.88
0xc326d832de301ced644e6a390f6aa345db501186,Q2: 爆破敢死队,0.0267,33.33,-1594027.25,8.33%,1.0637,3370.99,9261.52,13,0.43,5.086,1.0637,0.9585,6,7940797.8
0x15699ff33ebedf4c426619d81701b1ef7e253fc6,Q2: 爆破敢死队,0.0723,28.33,-22432.65,18.75%,0.367,0.35,1394.93,13,0.43,3.5037,0.367,0.9004,8,40531.97
0xd5a49b2ea0c38c4c0b9e3f01eb316b5789c201a1,Q2: 爆破敢死队,0.0098,33.1,-25375.84,20.00%,1.0095,0.0,8642.84,13,0.43,2.2518,1.0095,1.0,4,130070.15
0x70a0d8c796a1655317df5d095e9f1186689308b4,Q2: 爆破敢死队,0.2262,17.5,-24492.08,25.00%,1.0981,17874.19,489.63,13,0.43,0.9478,1.0981,0.8111,4,279125.84
0xf23da9d4625191ca06156b14c64823232720d672,Q2: 爆破敢死队,0.2488,12.05,-76918.35,25.00%,1.3312,0.0,80879.52,13,0.43,4.9237,1.3312,1.0,4,163968.49
0xfc5c7346d478cdfb872ea1705b0eecf28a1ef7e8,Q2: 爆破敢死队,0.0001,11.61,-10794.55,20.00%,0.6817,1000.08,9793.36,13,0.43,4.2817,0.6817,0.8114,2,18987.82
0xa62b9e608fb7a8ca3e5580bb6fc18bceb4176a77,Q2: 爆破敢死队,0.0115,13.75,-33275.78,25.00%,0.9408,0.0,129.34,12,0.4,0.1729,0.9408,1.0,5,276615.18
0x11d0a5faa29431079d00147e6f73c5dede071392,Q2: 爆破敢死队,0.0,15.0,-137581.79,0.00%,1.4746,1028.6,74129.84,12,0.4,0.0,1.4746,0.9235,14,302728.67
0xb078504b88480550c812a8ee1dc10dfddc6b04ed,Q2: 爆破敢死队,0.0,20.0,-20627.44,0.00%,0.6937,11.87,784.16,12,0.4,0.0,0.6937,0.9702,6,519847.15
0x0530c71f5a97241cb28c861a6e5fe6fd6b324a7f,Q2: 爆破敢死队,0.0,25.0,-16669.09,0.00%,0.4196,1550.75,619.58,12,0.4,0.0,0.4196,0.9896,5,308189.16
0x33403d76ac063c0bba99445dee0dd83260daffa9,Q2: 爆破敢死队,0.2498,22.0,-18633.24,27.27%,1.2825,0.57,2237.18,12,0.4,0.1011,1.2825,0.9826,5,56074.61
0x458172c26242e5e6d031677064b1a10e7217cbc1,Q2: 爆破敢死队,0.0603,10.91,-30614.06,26.47%,0.3486,786.11,509.28,11,0.37,2.9063,0.3486,0.8,4,91931.79
0xa9657da839b3364c62ce81d05a0f21a731bd4b6f,Q2: 爆破敢死队,0.0,20.0,-120740.13,0.00%,1.0,0.0,6728.44,11,0.37,0.0,1.0,1.0,8,587285.01
0xc190a756f7542671412a39441c47809bb1837b83,Q2: 爆破敢死队,0.0,19.17,-38625.48,0.00%,0.3258,13503.9,2703.63,11,0.37,0.0,0.3258,0.8,1,68194.22
0xc401b6128ae3d6ece0405c5f5a2ce979512d8384,Q2: 爆破敢死队,0.0,20.0,-16058.63,0.00%,0.963,7.43,323.35,11,0.37,0.0,0.963,0.9764,2,289074.75
0x03708b327ada82b901b84949e27ebfee69f12b1f,Q2: 爆破敢死队,0.0,11.84,-20844.89,0.00%,0.7556,1499.98,16329.79,11,0.37,0.0,0.7556,0.9762,4,32639.31
0x00458c967cc573632d6fdd19ed7b801ef2597127,Q2: 爆破敢死队,0.0,12.0,-32302.04,0.00%,1.0,2753.95,11831.34,11,0.37,0.0,1.0,1.0,3,115206.58
0xfaf5e1114e69095766e022b238f4f6584a98161a,Q2: 爆破敢死队,0.0,20.0,-4032697.56,0.00%,1.0,0.0,4685.11,11,0.37,0.0,1.0,1.0,5,20974000.0
0x3c9f1ef53a0700e8d8c84ecf8ba96c6a1f12a0fc,Q2: 爆破敢死队,0.0,18.33,-16032.22,0.00%,0.6188,58.62,1473.35,11,0.37,0.0,0.6188,0.8401,6,35337.17
0xa0feed73bca224e81357b054cd95de1e9ed24853,Q2: 爆破敢死队,0.1211,12.26,-32645.73,13.41%,2.1395,100.04,542.13,10,0.33,0.7317,2.1395,0.8685,3,17321.59
0x2701acdcdd03212bf95e332b8fb0e33682e4f47f,Q2: 爆破敢死队,0.226,20.0,-18079.37,28.17%,0.6058,506.71,1244.97,10,0.33,0.1888,0.6058,0.8222,2,30929.96
0xdb9918673d782a8116f583937f2f4a32352f11a2,Q2: 爆破敢死队,0.0998,16.25,-17593.29,20.00%,1.1335,53.17,22753.23,10,0.33,4.5791,1.1335,0.8,4,26922.33
0xd4e83831b208586b287388ca14b80dc87834c7ed,Q2: 爆破敢死队,0.0,30.0,-57985.47,0.00%,1.0,1546.66,8691.27,10,0.33,0.0,1.0,1.0,4,336412.0
0xf42eb13b54b8777862cd30f7baffaa84aaf7b15c,Q2: 爆破敢死队,0.0,13.91,-30302.69,0.00%,0.5291,0.0,38587.84,10,0.33,0.0,0.5291,1.0,5,293131.31
0x9ae493c7b89311960363aab319943f012a10efec,Q2: 爆破敢死队,0.04,15.0,-171687.94,20.00%,0.0953,138.64,406.23,9,0.3,3.4408,0.0953,1.0,1,260232.0
0x4d4a802eb9a2b5c760610dbafece8d2962ef1317,Q2: 爆破敢死队,0.0136,11.17,-126755.7,26.67%,0.8193,0.26,4334.27,9,0.3,1.486,0.8193,0.8401,1,54298.35
0x530b4c816096a27671ab31a18e4a683bc15920ab,Q2: 爆破敢死队,0.0369,15.0,-17882.47,5.88%,0.1471,80.71,9648.44,9,0.3,1.1725,0.1471,1.0,4,32865.59
0x6276b6846b6aa0128060ff9feac645107611e32b,Q2: 爆破敢死队,0.1814,15.0,-16231.43,13.33%,0.1285,4449.78,24289.89,9,0.3,2.2635,0.1285,0.9608,2,39653.35
0xe69419896a84ffd8f21de2efbca2e8e46031c1a5,Q2: 爆破敢死队,0.0,20.0,-66414.45,0.00%,1.0,4369.48,61.69,9,0.3,0.0,1.0,0.9757,7,1175595.28
0xf46fec5872c9d2c797fa86b667b270b60f9000f9,Q2: 爆破敢死队,0.0,21.25,-17116.63,0.00%,0.6514,29.51,5773.05,9,0.3,0.0,0.6514,0.8832,4,25051.34
0x8b821807f6ae10fc8b5f83202a6362bddb8f5dd5,Q2: 爆破敢死队,0.0,20.0,-10900.5,0.00%,1.054,0.0,36044.27,8,0.27,0.0,1.054,1.0,1,91230.69
0xa1140077fc8c15498cb7e7b423198537a405dd65,Q2: 爆破敢死队,0.288,15.0,-98962.95,28.57%,2.8362,1822.2,30411.3,8,0.27,3.049,2.8362,0.8235,7,395277.14
0xa478cbd1f75aca4b965d0a21500176036c77c7ae,Q2: 爆破敢死队,0.0,20.0,-701981.04,0.00%,1.0,4666.97,7819.66,8,0.27,0.0,1.0,1.0,5,3514353.99
0xbed653f109c1b70baa3030d6a5ce262876547d2b,Q2: 爆破敢死队,0.0,15.0,-16641.13,0.00%,0.8354,3879.28,1583.58,8,0.27,0.0,0.8354,0.8598,1,138393.78
0xbf9f0dc9a1e6d3b3a1e4146c28a3144b161f64f9,Q2: 爆破敢死队,0.0,12.55,-49921.05,0.00%,1.0,3692.46,7358.11,8,0.27,0.0,1.0,1.0,8,318943.66
0x0a545809e2eca13d484fe45594640e2d547827aa,Q2: 爆破敢死队,0.0627,30.0,-36975.56,13.33%,0.4103,38.0,2588.72,8,0.27,4.5354,0.4103,0.9662,7,17115.95
0x30ea553ff632dd268ed3bc0013fc9ddac2b48dbf,Q2: 爆破敢死队,0.2545,10.68,-25252.38,22.49%,0.2019,0.13,1343.3,8,0.27,0.5278,0.2019,0.8,7,17912.5
0x3685908e56acc83f3ee61b696ed59c32a6d6abb7,Q2: 爆破敢死队,0.0,33.33,-53975.37,0.00%,0.3919,0.0,69.85,8,0.27,0.0,0.3919,1.0,3,750865.34
0x3c38bf9e4189117ba75816e9e01c9d627b5810c3,Q2: 爆破敢死队,0.0,25.0,-18560.66,0.00%,0.4658,0.0,5012.29,8,0.27,0.0,0.4658,1.0,1,21108.1
0x4649600c339771cb0caf8473a311d2b73ee1e49f,Q2: 爆破敢死队,0.0042,20.71,-89483.02,28.57%,0.9939,3075.47,32063.73,7,0.23,15.3005,0.9939,0.9788,3,257660.61
0x98d0b362eeaa68ed0d304f1042793469011864df,Q2: 爆破敢死队,0.0,20.0,-14884.48,0.00%,0.9638,1101.69,7548.06,7,0.23,0.0,0.9638,0.9856,4,36347.77
0x5fee5806803b56ec575ccb87a31e0124a3f125f1,Q2: 爆破敢死队,0.2465,12.2,-11016.14,20.00%,0.8384,0.0,2204.09,7,0.23,0.7837,0.8384,0.874,3,70117.91
0xf76fb00b02dff13b463583d9846753cfcef28dcd,Q2: 爆破敢死队,0.0,15.0,-14568.71,0.00%,1.0,1187.14,999.3,7,0.23,0.0,1.0,1.0,5,173543.35
0x7de898a23a6310fd5f39aa094a562fc98987a421,Q2: 爆破敢死队,0.0053,15.04,-22160.51,16.67%,0.8624,618.2,42454.35,7,0.23,1512.4193,0.8624,0.9428,2,14695.94
0x8dd00df703f8216f6bc6b101b7c97621d0115ebf,Q2: 爆破敢死队,0.0,20.0,-399294.58,0.00%,0.8178,6.09,20557.91,6,0.2,0.0,0.8178,0.9463,6,623271.13
0x4680ca304e9c67f06f8683b2cc431523c046670e,Q2: 爆破敢死队,0.0539,24.0,-103006.09,20.00%,1.0567,1801.05,1363.52,6,0.2,0.3061,1.0567,1.0,4,740180.76
0x9861c5e8101b69b98f0133ea42e3281cf5530f35,Q2: 爆破敢死队,0.0,15.0,-71125.19,0.00%,1.0,0.0,22855.71,6,0.2,0.0,1.0,1.0,6,1017490.81
0xbba1746d55588090fc838c2d50cd1d68e1db8452,Q2: 爆破敢死队,0.0,12.29,-18781.98,0.00%,1.0,1744.04,3917.15,6,0.2,0.0,1.0,1.0,2,51937.99
0xbdaab1f05c3eda9872cab6423bd978528bbb1b72,Q2: 爆破敢死队,0.0,25.0,-52288.67,0.00%,0.0089,3.65,7279.92,6,0.2,0.0,0.0089,0.9863,3,127977.1
0x6d1d7fb205606e5bee6a71977c994c5719a06d33,Q2: 爆破敢死队,0.0,20.0,-47750.79,0.00%,0.9998,522.48,58808.65,6,0.2,0.0,0.9998,0.9657,4,105032.58
0xedb6ad4fb18b0085670c6dc767b88141927256ba,Q2: 爆破敢死队,0.145,11.56,-16046.31,17.86%,0.5247,0.0,20405.66,6,0.2,110.9354,0.5247,0.9451,7,19340.08
0x8ef4e90cd46fa5652b9e2228820624bc85ea5ac9,Q2: 爆破敢死队,0.0,20.0,-675135.52,0.00%,1.0,7493.79,28618.57,5,0.17,0.0,1.0,1.0,4,3787709.17
0x452ca8d2cf8847ad14876fbfe38388dbc590fc93,Q2: 爆破敢死队,0.0,30.0,-28593.7,0.00%,1.0,994.42,2614.74,5,0.17,0.0,1.0,1.0,3,202058.77
0x9269db63b4e96506dd515eba5ebd49e1227c31e6,Q2: 爆破敢死队,0.1653,32.5,-22212.67,25.00%,3.987,1464.18,8166.66,5,0.17,0.5491,3.987,1.0,0,31208.69
0x9d1bdacde1489889f6ed8de14bfae9315b32fe6c,Q2: 爆破敢死队,0.2673,23.33,-16011.21,24.00%,1.0,317.85,4391.17,5,0.17,0.5232,1.0,0.9997,3,22366.98
0xb4476ec1130b7c3d6acce78bdc4bcce74261de3a,Q2: 爆破敢死队,0.0,20.0,-618308.25,0.00%,1.0,11637.92,30239.1,5,0.17,0.0,1.0,1.0,4,3946752.65
0xbae5e19b0d4646b56e72c006388956068e4482cf,Q2: 爆破敢死队,0.0,26.0,-34823.45,0.00%,0.0173,11.2,9150.45,5,0.17,0.0,0.0173,0.97,2,140627.91
0xc7d021732e2ffd905c87cb47bf1f2af0de44b486,Q2: 爆破敢死队,0.0523,25.0,-544161.79,20.00%,0.7758,4546.87,16119.57,5,0.17,0.8687,0.7758,0.8657,4,710338.31
0x32561a2408b79511f611fa35fd2cd3fb34ecea2e,Q2: 爆破敢死队,0.2649,22.0,-180258.14,24.32%,0.7387,1050.07,7611.12,5,0.17,1.1217,0.7387,0.9588,1,179792.12
0xe0416849e40c45beafb550987e41a77308a3c8c8,Q2: 爆破敢死队,0.0,40.0,-16173.3,0.00%,0.7831,2650.02,1331.93,5,0.17,0.0,0.7831,1.0,1,195328.69
0xf75eccb9dab8d672e74334e1bcd9ff58336975d8,Q2: 爆破敢死队,0.0007,30.0,-23942.6,20.00%,1.0597,0.0,5671.25,5,0.17,0.8617,1.0597,1.0,10,94775.18
0x78b3a8b67c4c796a86493293f0a0a13854e7953c,Q2: 爆破敢死队,0.1236,17.95,-38033.11,21.43%,0.9737,18884.65,6459.11,5,0.17,0.8546,0.9737,0.812,2,19330.04
0x79621ac429cd901e5ccd175173d6182148d711a5,Q2: 爆破敢死队,0.0,20.0,-16412.46,0.00%,1.0,2451.91,11349.52,5,0.17,0.0,1.0,1.0,4,386687.16
0x42317d5b06c069e048fc87e4a1dfc926a921b672,Q2: 爆破敢死队,0.1628,13.83,-11640.75,22.73%,0.4592,1955.97,5023.46,4,0.13,0.3851,0.4592,0.9556,0,23116.07
0x43fb3159522903d773108d153b5aac6801034b16,Q2: 爆破敢死队,0.0,20.0,-1012971.15,0.00%,1.0,0.01,142.21,4,0.13,0.0,1.0,1.0,3,16660584.68
0x4c8d6e6f9b78b94a802fd951f991d98b6ea8db36,Q2: 爆破敢死队,0.0,13.0,-220286.43,0.00%,1.0,386.23,48862.32,4,0.13,0.0,1.0,1.0,3,152647.11
0xa8bc41320274de4410844c8ba02c26c9fedda0b6,Q2: 爆破敢死队,0.0,20.0,-35275.76,0.00%,0.9729,1329.68,14232.85,4,0.13,0.0,0.9729,1.0,3,99208.29
0xa83213219b79b40fab82013b9a4d66506a32d7cf,Q2: 爆破敢死队,0.0,20.0,-122125.66,0.00%,0.3527,0.0,17192.13,4,0.13,0.0,0.3527,1.0,2,950506.26
0x286af6ebd772bf21c457a6ebb270442661b8efed,Q2: 爆破敢死队,0.0,20.0,-15072.45,0.00%,1.0,0.33,1219.37,4,0.13,0.0,1.0,0.9882,2,602363.44
0xb7a0c5813a5e4eacc49e1095d2329e9b277fab5f,Q2: 爆破敢死队,0.0,25.0,-125911.56,0.00%,1.0,1380.94,152584.13,4,0.13,0.0,1.0,1.0,3,305354.43
0xe4d70fc7af37db7c5144ab005056b8b493dfae24,Q2: 爆破敢死队,0.0,11.5,-40784.9,0.00%,1.0,1965.34,14433.42,4,0.13,0.0,1.0,0.8,4,226169.48
0x8368577b3b3cc7b46c701e78ea6c6c50b2ad6faf,Q2: 爆破敢死队,0.0,18.0,-21369.01,0.00%,0.0608,240.27,70967.19,3,0.07,0.0,0.0608,0.9171,1,85835.75
0x400abc3dae98ec5aeef2681b40d4ced0a5aff934,Q2: 爆破敢死队,0.0607,20.0,-20856.52,20.00%,1.0,11203.81,145043.33,3,0.07,6.2526,1.0,1.0,2,20663.84
0x8ea82ad18c2fd184f19de8fd2060ee764a6e9bb4,Q2: 爆破敢死队,0.0,20.0,-31096.92,0.00%,0.1117,335.36,51358.18,3,0.03,0.0,0.1117,1.0,1,92585.1
0x4422a1931c56d0c4e95d6797dc758c8867cf3f3c,Q2: 爆破敢死队,0.0555,20.0,-114253.91,26.09%,1.5891,443.74,3015.04,3,0.03,9.4092,1.5891,1.0,1,173029.9
0x42b4f5155a7b02e3301855f3422137855aa84461,Q2: 爆破敢死队,0.0,20.0,-114023.36,0.00%,0.4468,1788.12,31731.9,3,0.03,0.0,0.4468,1.0,9,1027010.83
0x21a6bc777b2c268ffe99b4f1e172a822b3e8d928,Q2: 爆破敢死队,0.0,20.0,-17696.11,0.00%,1.0,3910.39,33408.03,3,0.07,0.0,1.0,1.0,2,123301.67
0x972e1d25c06c801ad910ece16f60785941364bd0,Q2: 爆破敢死队,0.0227,25.0,-15821.48,27.27%,0.893,96.6,1039.74,3,0.07,3.2475,0.893,0.9535,1,58579.4
0x104a5dcac1954e09562f7463d03c76bf53e657b7,Q2: 爆破敢死队,0.0,20.0,-35964.48,0.00%,1.0,0.13,99717.26,3,0.03,0.0,1.0,1.0,1,214246.92
0x504774cc07dff268713ccff4c760c4caeac76ae6,Q2: 爆破敢死队,0.032,20.0,-30893.64,16.67%,0.9886,1069.9,21376.41,3,0.03,233.2797,0.9886,1.0,1,121599.69
0xa41751937893464baac8e11284affba0177bb538,Q2: 爆破敢死队,0.0225,30.0,-146586.86,12.50%,0.5945,964.86,24439.61,3,0.07,6.025,0.5945,1.0,2,439575.39
0x10685430c194f44549ecdcdd28a15443dec94e7e,Q2: 爆破敢死队,0.0,40.0,-10909.24,0.00%,1.0,210.79,13724.93,3,0.07,0.0,1.0,1.0,1,33420.86
0x58a1ce6cab97469b71c5fefdba22baf87677a461,Q2: 爆破敢死队,0.1078,15.0,-23112.97,20.00%,1.0,225.96,14419.59,3,0.07,13.1384,1.0,1.0,1,31751.92
0x2976fc7639d5eabcae2653adcc89f26d1c1dc342,Q2: 爆破敢死队,0.0,20.0,-35018.66,0.00%,1.0,0.82,27199.68,3,0.03,0.0,1.0,1.0,1,45979.92
0xb6dd0ea111764f06c188b34454bcc6492f429bc5,Q2: 爆破敢死队,0.1527,18.33,-27347.34,16.67%,0.5732,435.87,2021.41,3,0.1,1.004,0.5732,0.9397,3,40204.31
0x2ac38775583fe3d3c7cc9ee15323fb246c791305,Q2: 爆破敢死队,0.05,20.0,-80795.27,20.00%,1.0,366.05,13804.37,3,0.07,4.8043,1.0,1.0,1,686488.2
0xc4d58b78a0088793237e7f52e106cd9b34798d2e,Q2: 爆破敢死队,0.1645,40.0,-33797.16,12.50%,0.3603,716.62,48264.79,3,0.1,3.7594,0.3603,0.9954,1,69809.09
0x12808faa65f83e5d65d037795107ddf2725645c6,Q2: 爆破敢死队,0.0159,33.0,-16820.58,14.29%,0.0435,31.96,63351.54,3,0.07,5.615,0.0435,0.9255,1,13930.98
0x03e311f27e0d7841ab28aea6736eb927d9ac8ed9,Q2: 爆破敢死队,0.0588,16.0,-25963.13,15.62%,1.0543,4.21,10501.08,3,0.03,2.1527,1.0543,1.0,1,16424.4
0x5ebedbbbbaaa3bf54b57ae4c27c19651baf6a0b3,Q2: 爆破敢死队,0.1581,35.0,-35453.67,22.22%,1.0,0.01,28978.36,3,0.03,1.6249,1.0,1.0,1,159921.73
0x5ea6651e4849c258adabe6e2f90850f4332cc357,Q2: 爆破敢死队,0.0,27.0,-19907.61,0.00%,1.0,8330.42,99891.66,3,0.07,0.0,1.0,1.0,2,1494507.63
0xd350afcc6c64e9ee45b0293afbdfc7d116f73efd,Q2: 爆破敢死队,0.0,20.0,-99159.4,0.00%,1.0,2143.05,15071.43,3,0.07,0.0,1.0,1.0,1,175789.42
0x2ea1dd281edbd4bd425b235cb9c3f9a603cb5dbc,Q2: 爆破敢死队,0.0,20.0,-11598.7,0.00%,1.0,267.56,144923.32,3,0.03,0.0,1.0,1.0,1,29777.75
0xe3808ffeb3385008faf2bb714410d8d781ec6113,Q2: 爆破敢死队,0.0108,11.17,-92327.75,18.18%,0.4579,233.49,10552.52,3,0.03,3.884,0.4579,0.8863,1,70112.39
0x6d63a40776bf54fc4a86e16505bbfac312bfe177,Q2: 爆破敢死队,0.0,20.0,-20085.42,0.00%,1.0,550.13,28197.73,3,0.03,0.0,1.0,1.0,1,83951.19
0x167ec339e5539100bc453ac349f012e194bf85a3,Q2: 爆破敢死队,0.0,20.0,-40311.3,0.00%,1.0,1432.25,127650.69,3,0.03,0.0,1.0,1.0,1,89119.06
0x1649a89c94819b8e9195658e5a5b43d24a58f8d4,Q2: 爆破敢死队,0.0,25.0,-27608.86,0.00%,1.0,123.22,9880.22,3,0.07,0.0,1.0,1.0,1,137162.11
0x12bca82cd0610f129e00d35ffc477d00fa5cf747,Q2: 爆破敢死队,0.0073,30.0,-91217.0,25.00%,1.0335,2031.07,6420.19,3,0.07,543.0398,1.0335,0.9202,1,125501.41
0xef9e57f9d25b6cda0349bf07d74d7c725b077f5a,Q2: 爆破敢死队,0.0,22.5,-15836.99,0.00%,1.0,507.28,4269.87,3,0.1,0.0,1.0,1.0,1,167200.08
0x73c8c1d1cb1115c6f78b06ad97aa2285e4f4d25f,Q2: 爆破敢死队,0.0988,15.0,-19439.28,28.95%,0.6227,171.88,7691.38,3,0.07,1.5172,0.6227,1.0,3,10585.63
0x789148a4325eb1c550f1db0b1156a4883dbf2137,Q2: 爆破敢死队,0.2216,20.0,-131132.85,25.00%,1.3089,2157.54,28060.15,3,0.07,3.3824,1.3089,1.0,9,1387341.69
0xfbf1c8152b3e5516f126157be27281c3dbc8658f,Q2: 爆破敢死队,0.0684,40.0,-12574.5,27.27%,1.0,171.81,160.16,3,0.1,1.6269,1.0,1.0,1,173851.4
0x7927848945bee95c07345b52af5a11dc3f39ac4f,Q2: 爆破敢死队,0.1838,20.0,-22150.44,29.41%,0.1558,1559.46,7576.37,3,0.1,0.603,0.1558,0.8,1,14580.11
0x36a0dae1bd2a4b10eff7af2c480234392f356a85,Q2: 爆破敢死队,0.0,40.0,-11868.63,0.00%,0.5505,1354.58,7749.9,3,0.07,0.0,0.5505,1.0,2,158698.0
0x7a2bbf68b2e627700e5ed39fccb83e8f44ddde7e,Q2: 爆破敢死队,0.1974,40.0,-10212.25,29.27%,0.7057,0.14,1714.88,3,0.03,1.4414,0.7057,1.0,2,16454.77
0x79bd5b7380c3d23ed6f87e9ad545ef55c37ca7bf,Q2: 爆破敢死队,0.0,40.0,-26412.52,0.00%,1.0,461.59,135066.18,3,0.1,0.0,1.0,1.0,1,118667.74
0x3c7d9de6e622e0842e95caae93ae55395b40ca78,Q2: 爆破敢死队,0.2019,20.0,-89143.82,28.57%,1.0,1101.11,29776.89,3,0.03,1.0399,1.0,1.0,1,335290.47
0x3e5e46c0821daa21f3b8b62c746a73b74fb74f97,Q2: 爆破敢死队,0.1398,11.5,-48418.67,26.32%,0.989,213.37,8905.23,3,0.07,1.2264,0.989,0.837,2,26851.96
0x3dfedcb48fa6765cf7ce7e1a3183167fd14bfcf6,Q2: 爆破敢死队,0.0927,22.5,-31319.72,26.67%,1.0,289.42,44133.99,3,0.07,1.3491,1.0,1.0,2,10463.73
0x1e854c2ee032c38785d1717064a915f4d22c306d,Q2: 爆破敢死队,0.2405,20.0,-61936.68,13.33%,1.0,32.89,5464.64,3,0.07,0.41,1.0,1.0,1,162139.99
0x1db797d266b52f6e10448b326002a75be19b4eb2,Q2: 爆破敢死队,0.0,40.0,-11633.87,0.00%,1.0,591.13,35792.44,3,0.03,0.0,1.0,1.0,1,55894.08
0x1d7fd4c63839d579827ac506e1359a86bb6d4ed5,Q2: 爆破敢死队,0.0,20.0,-16832.71,0.00%,1.0,2139.83,32674.42,3,0.07,0.0,1.0,1.0,2,209656.71
0x081ed7fd85922983a0847ac4c9533556d6d8bc5e,Q2: 爆破敢死队,0.1959,20.0,-14502.92,25.00%,0.6133,430.65,14731.94,3,0.03,59.6467,0.6133,0.9713,1,74359.41
0xc78aba57ef598a39a4c3ff11609dddb9190f5ea0,Q1: 黄金提款机,0.0471,8.39,-71575.96,15.97%,0.8056,3643.9,5140.73,252,8.4,0.4983,0.8056,0.8,16,14998.05
0x768cb1c8a14cdde9bbbb3c22d55a546cb714602a,Q1: 黄金提款机,0.1125,10.0,-25730.35,24.24%,0.2852,0.0,1214.09,197,6.57,1.1593,0.2852,1.0,1,36153.03
0x463f98e7e87f57961faa6a976db6231b4c164e39,Q1: 黄金提款机,0.0452,6.9,-38127.64,24.62%,0.0003,10.78,6124.45,154,5.13,1.8739,0.0003,0.9806,1,13305.25
0x62f60ba0530f3dfb0f1b93ee7ab0a39410f47905,Q1: 黄金提款机,0.0037,2.52,-14582.15,6.38%,0.4188,11620.86,1488.57,120,4.0,32.5906,0.4188,1.0,1,40251.95
0xce0c2121a987ae638a5a3d68cd26fa3f8b46b2e9,Q1: 黄金提款机,0.0,10.0,-180633.72,0.00%,0.7827,3747.3,7101.37,89,2.97,0.0,0.7827,1.0,10,758718.93
0x2a3b489f3d8d806af5df8f90425e9fcad1fadf92,Q1: 黄金提款机,0.2325,7.86,-112150.04,24.56%,1.052,758.08,581117.56,75,2.5,1.762,1.052,0.915,36,25339.38
0x53451cc2245ef32d5068d28a8c8f16b0cdb1f101,Q1: 黄金提款机,0.0541,10.0,-14526.61,18.18%,0.0961,542.73,7642.22,46,1.53,27.4405,0.0961,0.8476,2,10971.79
0x22402c8c5057925420c607d650d151bf722b56bc,Q1: 黄金提款机,0.0452,5.5,-46192.22,25.00%,0.3301,19721.53,4449.38,46,1.53,6.1294,0.3301,0.8603,2,39941.49
0xd902bc9c2f8f42010a56ddf7feb85b41a24c95f7,Q1: 黄金提款机,0.1964,9.32,-147336.69,23.33%,1.0496,605.54,640483.66,45,1.5,1.2083,1.0496,0.8429,22,33957.62
0xb64537b2d84976d7109c8484c708cc758edd5be1,Q1: 黄金提款机,0.0904,7.73,-12120.89,11.76%,1.2481,294.03,5275.25,43,1.43,3.4209,1.2481,0.8,8,16360.26
0x40f4abe425a00470dab6d3b1348d284958a9c949,Q1: 黄金提款机,0.0454,3.0,-144911.8,15.38%,0.3772,17496.5,25465.46,42,1.4,1.1176,0.3772,0.8704,9,55413.21
0xe4bf60d182f4e2bc4af4f5aad46a0f556ade73d9,Q1: 黄金提款机,0.1393,10.0,-28995.77,14.29%,0.6099,9420.18,602.82,40,1.33,0.1817,0.6099,0.9465,4,76888.15
0x67be7dd5a9a4502ab10913cf49f48f7231dec831,Q1: 黄金提款机,0.268,5.67,-19534.39,20.59%,0.4486,16028.19,7983.67,37,1.23,0.4995,0.4486,0.8672,2,27088.02
0xc9b622ff7e7c15eec619300f6d0a00463e2c1f0a,Q1: 黄金提款机,0.0,7.33,-248207.79,0.00%,1.0,0.0,3249.47,33,1.1,0.0,1.0,1.0,9,420801.62
0x0f333ac959b9f71a9c73347acc15fee2df89f71e,Q1: 黄金提款机,0.0195,8.75,-14173.39,25.00%,1.057,451.29,4405.8,27,0.9,41.4533,1.057,0.9692,3,33289.78
0xb22f14222092f1d5923a65369a646ee4c1f161c1,Q1: 黄金提款机,0.0,9.0,-19330.6,0.00%,0.9934,1681.68,33687.1,26,0.87,0.0,0.9934,1.0,2,27521.56
0x0ad8d14121dac29cdda3ec7218ec4800c84a1eae,Q1: 黄金提款机,0.0521,5.75,-45749.87,22.22%,0.0069,14093.7,10887.57,22,0.73,2.8039,0.0069,0.9934,1,81237.14
0x578f9ced9af3f948c4d697a0e0d66c4a764081e1,Q1: 黄金提款机,0.0014,10.0,-129315.45,22.22%,0.0039,526.79,573.14,22,0.73,1.9579,0.0039,0.9941,1,79440.15
0xa7c1e315c6b51785713c5ddc1c3831e12eddfe84,Q1: 黄金提款机,0.0238,4.8,-14224.99,20.00%,0.4662,5372.08,2922.97,20,0.67,5.0899,0.4662,0.8,1,49246.92
0x6502c214015380a3941465da72c256514c5de72c,Q1: 黄金提款机,0.0,3.71,-68194.67,0.00%,0.7499,943.78,41723.83,20,0.67,0.0,0.7499,0.9219,4,191526.31
0x2258e718fa0aa799dd177c32b44878c797cba192,Q1: 黄金提款机,0.0,4.0,-235880.48,0.00%,1.0274,3436.09,38264.01,18,0.6,0.0,1.0274,0.859,4,396225.9
0x77f4b2b3a5e64d5dc0ff020782d5816b47f6c172,Q1: 黄金提款机,0.0,4.0,-34540.61,0.00%,0.9726,840.18,8905.15,14,0.47,0.0,0.9726,0.8,4,30603.19
0xa47350da81601a806f002e516652abb2986d282e,Q1: 黄金提款机,0.0,4.5,-10889.61,0.00%,0.56,8310.39,6811.81,13,0.43,0.0,0.56,0.8,1,36735.34
0x7152a117b6b652fdccf4c35382e9a9edde9af0ad,Q1: 黄金提款机,0.0004,2.67,-304646.35,10.34%,1.0,5025.23,102725.79,13,0.43,10.1437,1.0,0.8083,14,16806.21
0xb996c22563761635788236f1746b55f67107b67e,Q1: 黄金提款机,0.0146,6.33,-71344.4,10.00%,0.8581,3175.52,12454.47,12,0.4,10053.3804,0.8581,1.0,1,50871.2
0x05dcdecddc3f43bb1e3fb1d270f4931627062749,Q1: 黄金提款机,0.0,8.0,-308469.4,0.00%,0.7283,0.0,23351.9,12,0.4,0.0,0.7283,1.0,2,1905500.02
0x13e31bacaefdca10672245a95ea2e0907afd6d80,Q1: 黄金提款机,0.0369,10.0,-46872.73,28.57%,0.5055,971.03,24690.74,12,0.4,1.4097,0.5055,0.9723,4,128710.59
0x2ca68ee720f07a8c9c8e47755ab6b5577a98bb5a,Q1: 黄金提款机,0.0513,8.5,-10904.22,16.67%,0.9682,0.69,11902.68,10,0.33,0.1423,0.9682,0.8,1,30139.34
0x08421cecaed45458f83ee3f75281dbc3758cdac2,Q1: 黄金提款机,0.0,5.0,-297539.15,0.00%,1.0,5710.98,23976.39,10,0.33,0.0,1.0,1.0,2,601008.88
0x7ca5b250258060489467abedb983ca2ed2e913c8,Q1: 黄金提款机,0.0401,4.17,-51009.91,20.00%,0.0424,0.27,11016.43,10,0.33,29.8122,0.0424,0.8947,0,51518.83
0x3ce2560da04370343fe0b92d0028b93845cfb3ac,Q1: 黄金提款机,0.0,4.0,-169919.92,0.00%,1.0,1021.07,120567.08,9,0.3,0.0,1.0,1.0,8,586277.79
0x046ffc7f24e707f9ea65aca74beac1e4fd7c3001,Q1: 黄金提款机,0.0007,3.4,-28803.9,16.67%,0.0054,1037.99,54482.29,7,0.23,0.9124,0.0054,0.9447,2,18276.0
0xfdb714222de5bfd1fb0571b22878a52488c46538,Q1: 黄金提款机,0.2111,8.5,-225450.13,28.97%,0.0002,10647.11,3086.74,7,0.23,0.6202,0.0002,0.8,1,64600.55
0xa9cc86de616aed04aa5103b6069a5630e075aa67,Q1: 黄金提款机,0.0578,7.8,-10381.64,16.67%,0.0707,53.52,27221.15,6,0.2,10.9247,0.0707,1.0,1,25185.46
0xb400a2860639324dbe7c271897d1ac49dd8de67b,Q1: 黄金提款机,0.0007,5.0,-51619.96,25.00%,0.9478,1849.51,3375.69,6,0.2,1.1432,0.9478,0.9996,3,223977.99
0x59b02f47b7da48d67ebb7db130fe529e064d1551,Q1: 黄金提款机,0.0637,3.0,-12052.54,12.50%,0.3526,0.2,2739.58,6,0.2,0.1007,0.3526,0.9526,0,47635.83
0x4724134b2ca0301ebc88e641018bc0f9d451a098,Q1: 黄金提款机,0.0,10.0,-23293.41,0.00%,1.0,7993.16,117205.03,5,0.17,0.0,1.0,1.0,3,91880.0
0xdb75c592e0191a2bcde019478437c2df3eb4a45d,Q1: 黄金提款机,0.0,5.0,-74346.6,0.00%,1.0,0.0,7263.26,5,0.17,0.0,1.0,1.0,2,351558.96
0x6ddf48abc454295479aaaa40316d0a7272cb0851,Q1: 黄金提款机,0.252,10.0,-24166.24,25.32%,2.4208,234.0,4809.57,5,0.17,0.5682,2.4208,0.961,1,12410.79
0xf86286fa508d3d1667f12ce94d6380a546604855,Q1: 黄金提款机,0.0033,3.0,-79091.12,20.00%,1.0033,0.01,128347.67,5,0.17,1.2492,1.0033,0.8,4,47701.16
0x9467dbb1aa500bcb3624b5f41a30402ab15a7f10,Q1: 黄金提款机,0.0,3.0,-93993.46,0.00%,1.0,1913.11,79951.67,4,0.13,0.0,1.0,1.0,2,313604.27
0x9f4afa89761d357570911ea4fea3d429001dfeed,Q1: 黄金提款机,0.2496,5.0,-10133.95,14.29%,1.122,9907.57,16941.41,4,0.13,0.8977,1.122,0.8,1,25633.69
0xa17e4a9ad55cf0b346fea6d875e2af130d1c2be3,Q1: 黄金提款机,0.0,4.0,-1448784.78,0.00%,1.0027,11328.33,174189.63,4,0.13,0.0,1.0027,0.8,3,2692750.37
0x512e5f46e0c5352f3971ac8192466959226b77c3,Q1: 黄金提款机,0.0315,3.0,-17589.37,28.57%,0.1196,167.68,22709.09,4,0.13,0.4394,0.1196,0.8455,1,231251.3
0x59c01b9d0eadd3b0e4372ac51eb33f6cd84e7b44,Q1: 黄金提款机,0.0,3.25,-64793.42,0.00%,0.8445,17262.01,29893.07,4,0.13,0.0,0.8445,0.8,3,33439.62
0xc5e37c66c369ff93c5633371ddf37c3a976a60be,Q1: 黄金提款机,0.0,3.0,-17255.32,0.00%,1.0,0.0,1139.17,4,0.13,0.0,1.0,1.0,3,156381.26
0x6398e04dfd477546fbe5b238c6437efc6af144d0,Q1: 黄金提款机,0.0,10.0,-224263.81,0.00%,1.0,3090.21,133504.21,4,0.13,0.0,1.0,1.0,4,649211.0
0x79db908131feae755a188f8cb0959c9ce439a50e,Q1: 黄金提款机,0.0328,5.0,-152997.93,25.00%,0.9008,4572.97,56048.93,4,0.13,2.8108,0.9008,0.9494,2,261584.25
0x022a07db7481782817dc7f3554c50ba8ac14a95d,Q1: 黄金提款机,0.0,5.0,-119837.43,0.00%,0.4572,15674.59,36427.59,4,0.13,0.0,0.4572,1.0,3,152277.98
0x852dcba7cbd0cf9bc7a5316463fccbe8e2634acd,Q1: 黄金提款机,0.0001,10.0,-37368.76,14.29%,1.0,1885.77,40102.96,3,0.1,0.0605,1.0,0.9999,2,80662.42
0x875291162629a1fe9a2338075aa968d7a6fe5eaa,Q1: 黄金提款机,0.1808,3.0,-16566.45,28.57%,1.0,1.73,2145.52,3,0.07,0.2706,1.0,1.0,1,100748.03
0x8723af66e4377df827b9135b8bca3d4352d0f130,Q1: 黄金提款机,0.2171,3.0,-172127.96,26.67%,1.0,2564.43,18451.62,3,0.07,17.0222,1.0,1.0,2,162961.15
0x87fbd42df33ca8385ae30315b4b3c3ab5b73f51c,Q1: 黄金提款机,0.0,3.0,-89109.47,0.00%,1.0,2275.81,327750.2,3,0.1,0.0,1.0,1.0,3,157884.52
0x40f9507c873395af50275198613b21cc1621d417,Q1: 黄金提款机,0.0,3.25,-188938.67,0.00%,1.0218,9002.88,41638.64,3,0.1,0.0,1.0218,0.9627,3,111547.54
0x20ad113e902dd028bfe3178854a9d481ecf824de,Q1: 黄金提款机,0.0,4.0,-103692.81,0.00%,1.0,0.0,243960.75,3,0.07,0.0,1.0,1.0,2,168447.37
0x8f46fb0688975f8e9362d6686a5116ffa99f9041,Q1: 黄金提款机,0.1345,10.0,-198829.53,16.67%,0.9936,53.62,49150.22,3,0.03,0.7865,0.9936,1.0,0,231884.2
0x0e20b8c822c696e73644e0e9e0f1824e4e690f56,Q1: 黄金提款机,0.0043,10.0,-257804.72,20.00%,0.8381,0.0,45123.41,3,0.07,23.9689,0.8381,1.0,4,150289.01
0x9448cbcbbc5a4cb60d4a6ef1177a5c6ce4d59402,Q1: 黄金提款机,0.0272,3.0,-10486.93,17.65%,0.0097,0.15,2664.99,3,0.07,67.0043,0.0097,0.9966,0,33517.09
0x9925fcfe6701e1b58b0e7133103915e4dbe43503,Q1: 黄金提款机,0.1497,5.33,-10374.48,25.00%,0.2918,3739.19,12650.27,3,0.03,3.5478,0.2918,0.9016,1,21674.61
0x9b4a90cc35ad55951f586a9c44f0a7da23e25f23,Q1: 黄金提款机,0.0,2.0,-88677.73,0.00%,1.0,616.66,100759.93,3,0.03,0.0,1.0,1.0,1,156188.9
0x0f5f4b5b7ca352cf4f5f2fc1ac8a9889decc4fcb,Q1: 黄金提款机,0.0,2.0,-19834.82,0.00%,1.0,1174.28,146537.22,3,0.03,0.0,1.0,1.0,1,38531.58
0xa05e542c01dc4ae2c1c8727b090644849e2d84b8,Q1: 黄金提款机,0.0699,3.0,-18781.83,28.57%,1.0,2075.4,71819.69,3,0.03,3.9372,1.0,1.0,0,15590.83
0x49de220974970b9b6d2d4ce2cdbcd0710e5c721f,Q1: 黄金提款机,0.0,2.0,-14716.68,0.00%,1.3128,374.67,134337.53,3,0.1,0.0,1.3128,1.0,1,31583.61
0x0955c92d8500eb679e524951273ad0845c3ab320,Q1: 黄金提款机,0.0601,6.0,-15305.07,18.18%,0.1581,3983.4,3907.33,3,0.07,1.5595,0.1581,0.8472,0,13890.6
0x08a56b7578c1ec0d85d4b62a2554bb5d1f35ab24,Q1: 黄金提款机,0.1028,10.0,-21006.05,25.00%,0.3658,9829.21,3209.68,3,0.07,1.3738,0.3658,1.0,1,15929.86
0xa6a691358aa16e4347be0268c6264fe1857cc3c8,Q1: 黄金提款机,0.0,5.0,-113400.2,0.00%,1.0,4200.86,6992.57,3,0.1,0.0,1.0,1.0,2,594301.72
0x532ce3c3bd21bb31a351a1ca1a9279d621ef24d9,Q1: 黄金提款机,0.1368,5.0,-10118.44,25.00%,0.1348,71.89,5886.99,3,0.07,0.6882,0.1348,1.0,1,15030.75
0xa8c54a9a3bddfc544dd8f24fd092efdca68e29ef,Q1: 黄金提款机,0.0,5.0,-18661.57,0.00%,1.0,379.48,161047.1,3,0.03,0.0,1.0,1.0,1,45642.34
0x5275ca347e3c6fd68e17b0fc8bb20d0acf3e085d,Q1: 黄金提款机,0.1401,10.0,-19225.83,26.32%,1.0,1451.86,24227.23,3,0.03,1.6602,1.0,1.0,1,25174.74
0x2985291c180f720163c2f4236ca4169a152d2e43,Q1: 黄金提款机,0.0,10.0,-10160.75,0.00%,0.0439,400.58,29812.06,3,0.07,0.0,0.0439,0.8,1,24825.14
0x11fa3ad342e91bf4cc0395ce3ec3700405aa4ff0,Q1: 黄金提款机,0.0,3.0,-548939.67,0.00%,1.0,14926.19,296856.25,3,0.07,0.0,1.0,1.0,2,1642015.24
0x119bf2f37cab80f8bfe6f7bddb5f33e22032bee5,Q1: 黄金提款机,0.0205,5.0,-17004.3,28.57%,1.0,275.41,24967.36,3,0.03,9.0936,1.0,1.0,1,36660.02
0xb86ec44ea0471b87ba6ecdb4522095ee83b21fb2,Q1: 黄金提款机,0.134,2.5,-22001.17,21.43%,0.4578,3678.78,10833.69,3,0.03,3.5088,0.4578,0.8,1,30968.04
0xbd2643e19ae4cb786855fedc9473f25416da5ba0,Q1: 黄金提款机,0.0,2.0,-27577.07,0.00%,0.1451,238.29,59132.61,3,0.03,0.0,0.1451,1.0,1,60145.44
0xbeffe696d7748b946ca44b8b8dfbe837f0a7e41c,Q1: 黄金提款机,0.0,3.0,-330170.54,0.00%,1.0,2069.41,74490.48,3,0.07,0.0,1.0,1.0,2,342171.22
0x2b772516864f8fc3dd15a7077ed790b5fcc80af1,Q1: 黄金提款机,0.0473,6.29,-13715.52,11.76%,0.7061,596.48,7689.26,3,0.07,3.6126,0.7061,0.8,2,12989.91
0xc34d75e5c32811b46647eb2d70fa3f17a321d1c6,Q1: 黄金提款机,0.0,2.0,-10635.71,0.00%,1.0,256.99,22087.5,3,0.07,0.0,1.0,1.0,1,46814.51
0xc51eedd2f10819c6188bf5225e982f255dcf132b,Q1: 黄金提款机,0.0114,10.0,-40472.59,20.00%,0.3971,0.26,8461.7,3,0.03,7.0991,0.3971,0.8984,1,63948.88
0xc502355cd0e8313e99a48cb63579262dad263c2c,Q1: 黄金提款机,0.0096,4.0,-30307.38,20.00%,0.9566,1989.95,32787.59,3,0.07,9.425,0.9566,0.9174,3,17686.39
0x5de729a70655cdab0456ce712af9c63095528080,Q1: 黄金提款机,0.0,10.0,-12069.39,0.00%,1.0115,130.08,2596.11,3,0.07,0.0,1.0115,0.9519,2,22613.06
0x1266092c1960349b8e1b9a0a8376ad430c176406,Q1: 黄金提款机,0.012,4.0,-17578.83,20.00%,1.0,38.18,31446.63,3,0.03,67.1933,1.0,1.0,1,27658.99
0x09ea47fa90c4ab08e521d905fe87fd2b82e28a42,Q1: 黄金提款机,0.0562,10.0,-35110.67,5.56%,1.0,636.59,1853.01,3,0.07,0.9164,1.0,1.0,1,73646.59
0xc8aca00fdf40cce0d0319de620bac9153dcad26d,Q1: 黄金提款机,0.0,5.0,-36255.65,0.00%,1.0,0.0,115123.74,3,0.03,0.0,1.0,1.0,1,122247.68
0x5ebe6e2c10a4993f09c2c1388902d8984fbe3eb1,Q1: 黄金提款机,0.0085,8.0,-39270.26,5.13%,0.1012,20.78,4461.67,3,0.1,0.86,0.1012,0.8521,1,11971.04
0xcc1e3c7cfb163c72932e49de13188902f5c5338f,Q1: 黄金提款机,0.2292,3.0,-200881.16,18.18%,0.6283,9.26,795.84,3,0.03,0.1179,0.6283,0.978,0,3009201.69
0x60257dd30d79c2ae4e9b449b864814655aca9ba0,Q1: 黄金提款机,0.0,2.0,-33572.92,0.00%,0.0537,5239.6,89867.28,3,0.1,0.0,0.0537,0.8344,1,26914.47
0xd0dec377b8f750d2bc8fc83f1b9d64d70317b045,Q1: 黄金提款机,0.0142,7.0,-139184.21,5.26%,0.3184,2385.46,12072.67,3,0.07,4.1943,0.3184,1.0,2,168784.17
0x6095a22c27a67563f3a1d5de41a1be2b87beab10,Q1: 黄金提款机,0.0,10.0,-10554.87,0.00%,0.9987,817.58,38107.54,3,0.03,0.0,0.9987,1.0,1,76845.43
0xdc193ec0e493b56cbe690b9e1de00fb8189938db,Q1: 黄金提款机,0.1307,3.0,-24476.63,16.67%,3.3447,0.17,1702.45,3,0.1,0.7258,3.3447,0.8472,0,58569.49
0xe1956f38781aaf97dc66d2d3028b6ee630c7ffd4,Q1: 黄金提款机,0.2066,3.0,-10524.59,20.00%,0.2245,1.17,5190.21,3,0.03,1.8833,0.2245,1.0,0,32590.51
0xed3fb9cb3afffde9f3ab9b1bf16f7af096a1c898,Q1: 黄金提款机,0.0,2.0,-37488.1,0.00%,1.0,0.0,213169.84,3,0.03,0.0,1.0,1.0,1,60427.42
0xec1ce11c555ff865795ba6577da4c1f4fd3db263,Q1: 黄金提款机,0.012,7.5,-42788.45,22.92%,0.8637,9.91,1651.46,3,0.1,2.802,0.8637,0.8,0,13616.36
0x34482af57c7aa49280f45c75f048e8ef53a5eb1d,Q1: 黄金提款机,0.006,8.25,-30967.92,20.00%,0.0577,376.61,18642.4,3,0.03,56.768,0.0577,0.9345,1,24702.3
0xee7ef46bb9a84bcfc4a525c5907c153d786128aa,Q1: 黄金提款机,0.0375,4.0,-35517.94,25.00%,0.9875,24.43,58741.98,3,0.07,0.2366,0.9875,1.0,1,30126.39
0x75b7f2f2e1d46002edffb40a16cc92024fd49965,Q1: 黄金提款机,0.0216,3.0,-12859.9,23.53%,1.8789,11.61,4834.34,3,0.03,11.8729,1.8789,0.8501,0,13008.68
0xf2a8d4489bd19874b2dba122e7d6e54bdc4bace4,Q1: 黄金提款机,0.0,4.0,-35364.95,0.00%,1.0,234.61,23724.57,3,0.07,0.0,1.0,1.0,1,20650.53
0xfe567ba6f4c4a1db3a2f543ad04d92966a75179a,Q1: 黄金提款机,0.0,5.03,-117296.29,0.00%,1.0,1822.14,8421.5,3,0.07,0.0,1.0,1.0,1,116995.85
0x7bf7e57506b007a677a6a09d00d5b0f2b2868ed1,Q1: 黄金提款机,0.0,4.0,-27967.05,0.00%,1.0,22.55,22004.17,3,0.03,0.0,1.0,1.0,1,78671.68
0x7e4d60840539453d5a1c511a31fc90bb64ee13a8,Q1: 黄金提款机,0.0,5.0,-12559.88,0.00%,0.8829,3668.4,4438.73,3,0.1,0.0,0.8829,0.834,1,47878.96
0x81b0f8b9975467dfdefb71014b8b8c978cd99841,Q1: 黄金提款机,0.0,5.0,-47518.79,0.00%,0.2332,59.57,6132.13,3,0.03,0.0,0.2332,0.9976,1,116158.77
0x9228c4bc733b38364cf6f483c0f4c6688df8e7ed,Q3: 鸡肋观察区,0.3534,2.87,-22787.78,27.43%,0.057,7.64,270.12,81,2.7,1.0461,0.057,0.8,0,35748.33
0xd8dd1c8c08844bbc7e641fd81b26cdef01e5c37d,Q3: 鸡肋观察区,0.325,9.11,-826330.3,22.99%,0.3918,0.07,4457.91,30,1.0,0.2891,0.3918,0.8,4,881081.98
0xece2f669b954aad701236b277fdb407a437cc895,Q3: 鸡肋观察区,0.4278,8.71,-52837.87,26.44%,0.3857,189.41,5177.28,25,0.83,1.457,0.3857,0.8002,6,13722.67
0xbe9998830c38910ef83e85eb33c90dd301d5516e,Q3: 鸡肋观察区,0.411,7.25,-260488.57,25.68%,0.8004,6320.62,23512.29,24,0.8,0.4034,0.8004,0.8146,13,32972.66
0x9e5f942e1025a7edd4ce482a6de8489b78ec38f0,Q3: 鸡肋观察区,0.3753,10.0,-12725.38,25.00%,1.4553,1732.81,3299.93,12,0.4,2.2445,1.4553,0.8577,2,62021.47
0x46d27ce3acda6632ce2e4737a4b9170241ffbf45,Q3: 鸡肋观察区,0.4952,3.0,-75913.85,25.00%,1.0,7109.61,7654.2,6,0.2,3.4957,1.0,1.0,4,781121.15
0x77137251eab1b45f6a989289d78dbe8b80c80737,Q3: 鸡肋观察区,0.392,10.0,-39329.41,23.88%,0.6675,231.0,4038.75,6,0.2,0.8979,0.6675,1.0,1,59233.59
0xe544f96c179398e7999eedf93a12b7950de1c690,Q3: 鸡肋观察区,0.4676,10.0,-10916.69,28.57%,1.5667,100.61,831.62,5,0.17,0.1308,1.5667,1.0,1,61629.88
0x48d64da2f327f459f22265088e2201b71b915a42,Q3: 鸡肋观察区,0.4354,4.0,-64891.36,25.00%,0.9679,1336.13,20088.87,3,0.07,2.9533,0.9679,1.0,0,160997.99
0x666b2bf0b16a80ee7f0dbb1907a92e15816ecb95,Q3: 鸡肋观察区,0.449,3.0,-16716.82,27.59%,0.1807,21.82,1298.12,3,0.03,1.1313,0.1807,1.0,1,218014.67
0x747992872104be7522e8416b05064223ed24b889,Q3: 鸡肋观察区,0.3887,3.0,-32342.24,16.28%,0.7966,2029.09,5062.82,3,0.03,0.1813,0.7966,0.9128,0,20006.28
